排名,沪深300ETF比例,中债新综合LOF比例,红利ETF比例,再平衡阈值,再平衡启用,策略A启用,策略B启用,累计总收益,年化收益,最大回撤,年化波动,夏普比率,卡玛比率
1,0%,60%,40%,3%,开,关,开,284.1530%,10.6226%,37.6070%,21.2144%,0.382900,0.282463
2,0%,60%,40%,3%,开,关,关,284.1530%,10.6226%,37.6070%,21.2144%,0.382900,0.282463
3,0%,60%,40%,2%,开,关,开,280.4114%,10.5414%,36.9283%,21.1652%,0.379900,0.285456
4,0%,60%,40%,2%,开,关,关,280.4114%,10.5414%,36.9283%,21.1652%,0.379900,0.285456
5,0%,60%,40%,1%,开,关,开,272.0555%,10.3574%,37.1209%,21.1850%,0.370900,0.279018
6,0%,60%,40%,1%,开,关,关,272.0555%,10.3574%,37.1209%,21.1850%,0.370900,0.279018
7,20%,60%,20%,2%,开,关,开,209.9155%,8.8550%,27.6773%,17.4763%,0.363600,0.319937
8,20%,60%,20%,2%,开,关,关,209.9155%,8.8550%,27.6773%,17.4763%,0.363600,0.319937
9,20%,60%,20%,3%,开,关,开,208.0065%,8.8045%,26.9462%,17.4856%,0.360600,0.326744
10,20%,60%,20%,3%,开,关,关,208.0065%,8.8045%,26.9462%,17.4856%,0.360600,0.326744
11,20%,60%,20%,1%,开,关,开,206.7870%,8.7722%,27.0742%,17.4571%,0.359300,0.324006
12,20%,60%,20%,1%,开,关,关,206.7870%,8.7722%,27.0742%,17.4571%,0.359300,0.324006
13,0%,60%,40%,3%,开,开,开,240.2083%,9.6191%,33.2528%,20.3124%,0.350500,0.289272
14,0%,60%,40%,3%,开,开,关,240.2083%,9.6191%,33.2528%,20.3124%,0.350500,0.289272
15,20%,40%,40%,2%,开,关,开,295.9194%,10.8732%,41.6195%,23.9592%,0.349500,0.261253
16,20%,40%,40%,2%,开,关,关,295.9194%,10.8732%,41.6195%,23.9592%,0.349500,0.261253
17,20%,40%,40%,3%,开,关,开,295.9188%,10.8732%,41.8357%,23.9935%,0.349000,0.259902
18,20%,40%,40%,3%,开,关,关,295.9188%,10.8732%,41.8357%,23.9935%,0.349000,0.259902
19,0%,60%,40%,2%,开,开,开,236.5706%,9.5308%,33.5556%,20.2429%,0.347300,0.284030
20,0%,60%,40%,2%,开,开,关,236.5706%,9.5308%,33.5556%,20.2429%,0.347300,0.284030
21,20%,40%,40%,1%,开,关,开,292.2568%,10.7959%,41.8398%,23.9525%,0.346300,0.258029
22,20%,40%,40%,1%,开,关,关,292.2568%,10.7959%,41.8398%,23.9525%,0.346300,0.258029
23,0%,60%,40%,1%,开,开,开,233.5129%,9.4558%,33.5851%,20.2452%,0.343600,0.281547
24,0%,60%,40%,1%,开,开,关,233.5129%,9.4558%,33.5851%,20.2452%,0.343600,0.281547
25,40%,40%,20%,3%,开,关,开,230.7293%,9.3870%,35.9196%,20.2756%,0.339700,0.261334
26,40%,40%,20%,3%,开,关,关,230.7293%,9.3870%,35.9196%,20.2756%,0.339700,0.261334
27,40%,40%,20%,1%,开,关,开,228.9512%,9.3428%,35.8380%,20.2655%,0.337700,0.260695
28,40%,40%,20%,1%,开,关,关,228.9512%,9.3428%,35.8380%,20.2655%,0.337700,0.260695
29,40%,40%,20%,2%,开,关,开,229.1934%,9.3488%,36.6340%,20.2867%,0.337600,0.255195
30,40%,40%,20%,2%,开,关,关,229.1934%,9.3488%,36.6340%,20.2867%,0.337600,0.255195
31,0%,40%,60%,2%,开,关,开,356.2084%,12.0583%,51.2251%,28.4109%,0.336400,0.235398
32,0%,40%,60%,2%,开,关,关,356.2084%,12.0583%,51.2251%,28.4109%,0.336400,0.235398
33,0%,40%,60%,3%,开,关,开,354.3838%,12.0246%,51.7525%,28.4890%,0.334300,0.232348
34,0%,40%,60%,3%,开,关,关,354.3838%,12.0246%,51.7525%,28.4890%,0.334300,0.232348
35,0%,40%,60%,1%,开,关,开,344.5820%,11.8415%,51.3868%,28.4094%,0.328800,0.230439
36,0%,40%,60%,1%,开,关,关,344.5820%,11.8415%,51.3868%,28.4094%,0.328800,0.230439
37,0%,80%,20%,2%,开,关,开,179.8601%,8.0252%,25.3640%,16.8508%,0.327900,0.316401
38,0%,80%,20%,2%,开,关,关,179.8601%,8.0252%,25.3640%,16.8508%,0.327900,0.316401
39,0%,60%,40%,1%,关,开,开,218.1704%,9.0698%,33.5093%,20.1830%,0.325500,0.270665
40,0%,60%,40%,1%,关,开,关,218.1704%,9.0698%,33.5093%,20.1830%,0.325500,0.270665
41,0%,60%,40%,2%,关,开,开,218.1704%,9.0698%,33.5093%,20.1830%,0.325500,0.270665
42,0%,60%,40%,2%,关,开,关,218.1704%,9.0698%,33.5093%,20.1830%,0.325500,0.270665
43,0%,60%,40%,3%,关,开,开,218.1704%,9.0698%,33.5093%,20.1830%,0.325500,0.270665
44,0%,60%,40%,3%,关,开,关,218.1704%,9.0698%,33.5093%,20.1830%,0.325500,0.270665
45,20%,60%,20%,3%,开,开,开,179.6875%,8.0202%,29.0145%,17.1983%,0.321000,0.276420
46,20%,60%,20%,3%,开,开,关,179.6875%,8.0202%,29.0145%,17.1983%,0.321000,0.276420
47,20%,60%,20%,1%,开,开,开,179.3717%,8.0111%,29.2748%,17.1834%,0.320700,0.273652
48,20%,60%,20%,1%,开,开,关,179.3717%,8.0111%,29.2748%,17.1834%,0.320700,0.273652
49,0%,80%,20%,1%,开,关,开,175.5494%,7.8995%,25.7097%,16.8552%,0.320300,0.307258
50,0%,80%,20%,1%,开,关,关,175.5494%,7.8995%,25.7097%,16.8552%,0.320300,0.307258
51,0%,80%,20%,3%,开,关,开,174.4953%,7.8685%,25.5147%,16.8800%,0.318000,0.308391
52,0%,80%,20%,3%,开,关,关,174.4953%,7.8685%,25.5147%,16.8800%,0.318000,0.308391
53,0%,40%,60%,2%,开,开,开,307.3690%,11.1106%,47.8658%,27.4403%,0.313800,0.232120
54,0%,40%,60%,2%,开,开,关,307.3690%,11.1106%,47.8658%,27.4403%,0.313800,0.232120
55,0%,40%,60%,3%,开,开,开,306.5344%,11.0935%,47.8892%,27.4618%,0.312900,0.231649
56,0%,40%,60%,3%,开,开,关,306.5344%,11.0935%,47.8892%,27.4618%,0.312900,0.231649
57,0%,40%,60%,1%,开,开,开,303.6676%,11.0345%,48.1910%,27.4473%,0.310900,0.228974
58,0%,40%,60%,1%,开,开,关,303.6676%,11.0345%,48.1910%,27.4473%,0.310900,0.228974
59,20%,60%,20%,2%,开,开,开,173.5932%,7.8419%,29.6180%,17.1807%,0.310900,0.264768
60,20%,60%,20%,2%,开,开,关,173.5932%,7.8419%,29.6180%,17.1807%,0.310900,0.264768
61,20%,60%,20%,1%,关,开,开,171.5700%,7.7818%,28.8305%,17.2255%,0.306600,0.269916
62,20%,60%,20%,1%,关,开,关,171.5700%,7.7818%,28.8305%,17.2255%,0.306600,0.269916
63,20%,60%,20%,2%,关,开,开,171.5700%,7.7818%,28.8305%,17.2255%,0.306600,0.269916
64,20%,60%,20%,2%,关,开,关,171.5700%,7.7818%,28.8305%,17.2255%,0.306600,0.269916
65,20%,60%,20%,3%,关,开,开,171.5700%,7.7818%,28.8305%,17.2255%,0.306600,0.269916
66,20%,60%,20%,3%,关,开,关,171.5700%,7.7818%,28.8305%,17.2255%,0.306600,0.269916
67,20%,40%,40%,1%,开,开,开,242.5766%,9.6762%,42.4015%,23.4583%,0.305900,0.228204
68,20%,40%,40%,1%,开,开,关,242.5766%,9.6762%,42.4015%,23.4583%,0.305900,0.228204
69,20%,40%,40%,2%,开,开,开,241.3912%,9.6477%,42.4007%,23.4992%,0.304200,0.227536
70,20%,40%,40%,2%,开,开,关,241.3912%,9.6477%,42.4007%,23.4992%,0.304200,0.227536
71,20%,40%,40%,3%,开,开,开,240.8429%,9.6345%,42.4058%,23.4895%,0.303700,0.227198
72,20%,40%,40%,3%,开,开,关,240.8429%,9.6345%,42.4058%,23.4895%,0.303700,0.227198
73,0%,80%,20%,1%,开,开,开,159.3014%,7.4087%,24.3835%,16.2283%,0.302500,0.303841
74,0%,80%,20%,1%,开,开,关,159.3014%,7.4087%,24.3835%,16.2283%,0.302500,0.303841
75,0%,80%,20%,3%,开,开,开,159.1838%,7.4051%,24.5865%,16.2626%,0.301600,0.301186
76,0%,80%,20%,3%,开,开,关,159.1838%,7.4051%,24.5865%,16.2626%,0.301600,0.301186
77,0%,80%,20%,2%,开,开,开,156.1229%,7.3094%,24.4620%,16.2125%,0.296600,0.298806
78,0%,80%,20%,2%,开,开,关,156.1229%,7.3094%,24.4620%,16.2125%,0.296600,0.298806
79,40%,20%,40%,3%,开,关,开,293.4009%,10.8202%,49.5407%,28.0493%,0.296600,0.218410
80,40%,20%,40%,3%,开,关,关,293.4009%,10.8202%,49.5407%,28.0493%,0.296600,0.218410
81,40%,60%,0%,2%,开,开,开,158.5706%,7.3860%,27.8085%,16.4750%,0.296600,0.265602
82,40%,60%,0%,2%,开,开,关,158.5706%,7.3860%,27.8085%,16.4750%,0.296600,0.265602
83,40%,60%,0%,3%,开,开,开,158.2915%,7.3773%,27.8046%,16.4818%,0.295900,0.265327
84,40%,60%,0%,3%,开,开,关,158.2915%,7.3773%,27.8046%,16.4818%,0.295900,0.265327
85,20%,40%,40%,1%,关,开,开,234.0315%,9.4686%,43.0090%,23.5754%,0.295600,0.220154
86,20%,40%,40%,1%,关,开,关,234.0315%,9.4686%,43.0090%,23.5754%,0.295600,0.220154
87,20%,40%,40%,2%,关,开,开,234.0315%,9.4686%,43.0090%,23.5754%,0.295600,0.220154
88,20%,40%,40%,2%,关,开,关,234.0315%,9.4686%,43.0090%,23.5754%,0.295600,0.220154
89,20%,40%,40%,3%,关,开,开,234.0315%,9.4686%,43.0090%,23.5754%,0.295600,0.220154
90,20%,40%,40%,3%,关,开,关,234.0315%,9.4686%,43.0090%,23.5754%,0.295600,0.220154
91,0%,40%,60%,1%,关,开,开,276.5230%,10.4562%,47.1820%,26.9660%,0.295000,0.221614
92,0%,40%,60%,1%,关,开,关,276.5230%,10.4562%,47.1820%,26.9660%,0.295000,0.221614
93,0%,40%,60%,2%,关,开,开,276.5230%,10.4562%,47.1820%,26.9660%,0.295000,0.221614
94,0%,40%,60%,2%,关,开,关,276.5230%,10.4562%,47.1820%,26.9660%,0.295000,0.221614
95,0%,40%,60%,3%,关,开,开,276.5230%,10.4562%,47.1820%,26.9660%,0.295000,0.221614
96,0%,40%,60%,3%,关,开,关,276.5230%,10.4562%,47.1820%,26.9660%,0.295000,0.221614
97,40%,60%,0%,1%,开,开,开,157.7188%,7.3594%,27.8171%,16.4711%,0.295000,0.264564
98,40%,60%,0%,1%,开,开,关,157.7188%,7.3594%,27.8171%,16.4711%,0.295000,0.264564
99,40%,20%,40%,1%,开,关,开,289.2572%,10.7322%,49.6800%,28.0073%,0.293900,0.216027
100,40%,20%,40%,1%,开,关,关,289.2572%,10.7322%,49.6800%,28.0073%,0.293900,0.216027
101,40%,20%,40%,2%,开,关,开,289.0038%,10.7268%,50.1139%,28.0194%,0.293600,0.214048
102,40%,20%,40%,2%,开,关,关,289.0038%,10.7268%,50.1139%,28.0194%,0.293600,0.214048
103,40%,60%,0%,2%,开,关,开,145.4426%,6.9671%,24.2073%,15.2461%,0.293000,0.287810
104,40%,60%,0%,2%,开,关,关,145.4426%,6.9671%,24.2073%,15.2461%,0.293000,0.287810
105,40%,60%,0%,1%,开,关,开,145.0780%,6.9552%,24.0021%,15.2581%,0.292000,0.289775
106,40%,60%,0%,1%,开,关,关,145.0780%,6.9552%,24.0021%,15.2581%,0.292000,0.289775
107,20%,20%,60%,3%,开,关,开,344.9664%,11.8488%,55.2608%,32.2386%,0.290000,0.214416
108,20%,20%,60%,3%,开,关,关,344.9664%,11.8488%,55.2608%,32.2386%,0.290000,0.214416
109,40%,60%,0%,3%,开,关,开,143.7352%,6.9111%,24.2310%,15.2547%,0.289200,0.285217
110,40%,60%,0%,3%,开,关,关,143.7352%,6.9111%,24.2310%,15.2547%,0.289200,0.285217
111,20%,20%,60%,1%,开,关,开,337.5275%,11.7074%,55.4130%,32.1963%,0.286000,0.211275
112,20%,20%,60%,1%,开,关,关,337.5275%,11.7074%,55.4130%,32.1963%,0.286000,0.211275
113,20%,20%,60%,2%,开,关,开,337.6331%,11.7094%,55.1355%,32.2085%,0.285900,0.212375
114,20%,20%,60%,2%,开,关,关,337.6331%,11.7094%,55.1355%,32.2085%,0.285900,0.212375
115,60%,20%,20%,1%,开,关,开,235.6095%,9.5073%,46.2626%,24.5497%,0.285400,0.205507
116,60%,20%,20%,1%,开,关,关,235.6095%,9.5073%,46.2626%,24.5497%,0.285400,0.205507
117,60%,40%,0%,2%,开,关,开,165.2788%,7.5925%,32.8855%,17.8808%,0.284800,0.230877
118,60%,40%,0%,2%,开,关,关,165.2788%,7.5925%,32.8855%,17.8808%,0.284800,0.230877
119,60%,40%,0%,1%,开,关,开,164.5287%,7.5697%,32.7216%,17.8860%,0.283400,0.231336
120,60%,40%,0%,1%,开,关,关,164.5287%,7.5697%,32.7216%,17.8860%,0.283400,0.231336
121,40%,40%,20%,2%,开,开,开,187.7294%,8.2502%,37.9683%,20.4877%,0.280700,0.217292
122,40%,40%,20%,2%,开,开,关,187.7294%,8.2502%,37.9683%,20.4877%,0.280700,0.217292
123,60%,40%,0%,3%,开,关,开,162.5878%,7.5103%,32.8520%,17.8916%,0.280000,0.228610
124,60%,40%,0%,3%,开,关,关,162.5878%,7.5103%,32.8520%,17.8916%,0.280000,0.228610
125,40%,40%,20%,1%,开,开,开,186.6668%,8.2201%,37.9445%,20.5044%,0.279000,0.216635
126,40%,40%,20%,1%,开,开,关,186.6668%,8.2201%,37.9445%,20.5044%,0.279000,0.216635
127,60%,20%,20%,3%,开,关,开,228.8114%,9.3393%,47.0216%,24.5467%,0.278600,0.198617
128,60%,20%,20%,3%,开,关,关,228.8114%,9.3393%,47.0216%,24.5467%,0.278600,0.198617
129,60%,20%,20%,2%,开,关,开,228.5416%,9.3326%,46.6066%,24.5852%,0.277900,0.200242
130,60%,20%,20%,2%,开,关,关,228.5416%,9.3326%,46.6066%,24.5852%,0.277900,0.200242
131,40%,40%,20%,3%,开,开,开,185.1159%,8.1761%,37.9579%,20.4633%,0.277400,0.215399
132,40%,40%,20%,3%,开,开,关,185.1159%,8.1761%,37.9579%,20.4633%,0.277400,0.215399
133,0%,80%,20%,1%,关,开,开,146.1441%,6.9900%,24.6257%,16.2653%,0.276000,0.283850
134,0%,80%,20%,1%,关,开,关,146.1441%,6.9900%,24.6257%,16.2653%,0.276000,0.283850
135,0%,80%,20%,2%,关,开,开,146.1441%,6.9900%,24.6257%,16.2653%,0.276000,0.283850
136,0%,80%,20%,2%,关,开,关,146.1441%,6.9900%,24.6257%,16.2653%,0.276000,0.283850
137,0%,80%,20%,3%,关,开,开,146.1441%,6.9900%,24.6257%,16.2653%,0.276000,0.283850
138,0%,80%,20%,3%,关,开,关,146.1441%,6.9900%,24.6257%,16.2653%,0.276000,0.283850
139,20%,20%,60%,3%,开,开,开,310.7649%,11.1798%,56.4508%,31.9606%,0.271600,0.198045
140,20%,20%,60%,3%,开,开,关,310.7649%,11.1798%,56.4508%,31.9606%,0.271600,0.198045
141,0%,20%,80%,3%,开,关,开,376.5479%,12.4255%,62.9740%,36.9131%,0.268900,0.197312
142,0%,20%,80%,3%,开,关,关,376.5479%,12.4255%,62.9740%,36.9131%,0.268900,0.197312
143,40%,40%,20%,1%,关,开,开,177.8647%,7.9673%,38.9216%,20.5539%,0.266000,0.204701
144,40%,40%,20%,1%,关,开,关,177.8647%,7.9673%,38.9216%,20.5539%,0.266000,0.204701
145,40%,40%,20%,2%,关,开,开,177.8647%,7.9673%,38.9216%,20.5539%,0.266000,0.204701
146,40%,40%,20%,2%,关,开,关,177.8647%,7.9673%,38.9216%,20.5539%,0.266000,0.204701
147,40%,40%,20%,3%,关,开,开,177.8647%,7.9673%,38.9216%,20.5539%,0.266000,0.204701
148,40%,40%,20%,3%,关,开,关,177.8647%,7.9673%,38.9216%,20.5539%,0.266000,0.204701
149,0%,20%,80%,1%,开,关,开,369.1019%,12.2928%,63.1005%,36.8705%,0.265600,0.194813
150,0%,20%,80%,1%,开,关,关,369.1019%,12.2928%,63.1005%,36.8705%,0.265600,0.194813
151,40%,60%,0%,1%,关,开,开,142.4761%,6.8696%,27.6453%,16.4598%,0.265500,0.248491
152,40%,60%,0%,1%,关,开,关,142.4761%,6.8696%,27.6453%,16.4598%,0.265500,0.248491
153,40%,60%,0%,2%,关,开,开,142.4761%,6.8696%,27.6453%,16.4598%,0.265500,0.248491
154,40%,60%,0%,2%,关,开,关,142.4761%,6.8696%,27.6453%,16.4598%,0.265500,0.248491
155,40%,60%,0%,3%,关,开,开,142.4761%,6.8696%,27.6453%,16.4598%,0.265500,0.248491
156,40%,60%,0%,3%,关,开,关,142.4761%,6.8696%,27.6453%,16.4598%,0.265500,0.248491
157,0%,20%,80%,2%,开,关,开,368.9504%,12.2901%,63.2327%,36.9083%,0.265300,0.194363
158,0%,20%,80%,2%,开,关,关,368.9504%,12.2901%,63.2327%,36.9083%,0.265300,0.194363
159,20%,20%,60%,1%,开,开,开,300.6925%,10.9729%,56.1997%,31.9635%,0.265100,0.195248
160,20%,20%,60%,1%,开,开,关,300.6925%,10.9729%,56.1997%,31.9635%,0.265100,0.195248
161,20%,20%,60%,2%,开,开,开,300.3921%,10.9667%,56.3478%,31.9793%,0.264800,0.194625
162,20%,20%,60%,2%,开,开,关,300.3921%,10.9667%,56.3478%,31.9793%,0.264800,0.194625
163,40%,20%,40%,2%,开,开,开,254.0467%,9.9475%,52.7495%,28.3098%,0.263100,0.188580
164,40%,20%,40%,2%,开,开,关,254.0467%,9.9475%,52.7495%,28.3098%,0.263100,0.188580
165,0%,20%,80%,3%,开,开,开,353.2144%,12.0030%,60.1228%,36.2434%,0.262200,0.199641
166,0%,20%,80%,3%,开,开,关,353.2144%,12.0030%,60.1228%,36.2434%,0.262200,0.199641
167,40%,20%,40%,3%,开,开,开,253.6120%,9.9373%,53.1603%,28.3603%,0.262200,0.186931
168,40%,20%,40%,3%,开,开,关,253.6120%,9.9373%,53.1603%,28.3603%,0.262200,0.186931
169,20%,80%,0%,2%,开,开,开,129.5223%,6.4304%,24.0785%,15.0183%,0.261700,0.267060
170,20%,80%,0%,2%,开,开,关,129.5223%,6.4304%,24.0785%,15.0183%,0.261700,0.267060
171,0%,20%,80%,2%,开,开,开,350.4451%,11.9515%,60.2408%,36.2358%,0.260800,0.198395
172,0%,20%,80%,2%,开,开,关,350.4451%,11.9515%,60.2408%,36.2358%,0.260800,0.198395
173,40%,20%,40%,1%,开,开,开,250.9928%,9.8760%,52.6664%,28.3072%,0.260600,0.187520
174,40%,20%,40%,1%,开,开,关,250.9928%,9.8760%,52.6664%,28.3072%,0.260600,0.187520
175,0%,60%,40%,1%,关,关,开,179.5352%,8.0158%,44.8588%,21.4986%,0.256600,0.178690
176,0%,60%,40%,1%,关,关,关,179.5352%,8.0158%,44.8588%,21.4986%,0.256600,0.178690
177,0%,60%,40%,2%,关,关,开,179.5352%,8.0158%,44.8588%,21.4986%,0.256600,0.178690
178,0%,60%,40%,2%,关,关,关,179.5352%,8.0158%,44.8588%,21.4986%,0.256600,0.178690
179,0%,60%,40%,3%,关,关,开,179.5352%,8.0158%,44.8588%,21.4986%,0.256600,0.178690
180,0%,60%,40%,3%,关,关,关,179.5352%,8.0158%,44.8588%,21.4986%,0.256600,0.178690
181,0%,20%,80%,1%,开,开,开,341.5971%,11.7850%,60.3742%,36.2125%,0.256400,0.195199
182,0%,20%,80%,1%,开,开,关,341.5971%,11.7850%,60.3742%,36.2125%,0.256400,0.195199
183,20%,80%,0%,3%,开,开,开,127.3307%,6.3538%,24.2291%,15.0294%,0.256400,0.262238
184,20%,80%,0%,3%,开,开,关,127.3307%,6.3538%,24.2291%,15.0294%,0.256400,0.262238
185,20%,80%,0%,1%,开,开,开,127.1526%,6.3476%,24.2303%,15.0137%,0.256300,0.261970
186,20%,80%,0%,1%,开,开,关,127.1526%,6.3476%,24.2303%,15.0137%,0.256300,0.261970
187,20%,20%,60%,1%,关,开,开,279.0110%,10.5108%,56.1326%,31.2969%,0.256000,0.187249
188,20%,20%,60%,1%,关,开,关,279.0110%,10.5108%,56.1326%,31.2969%,0.256000,0.187249
189,20%,20%,60%,2%,关,开,开,279.0110%,10.5108%,56.1326%,31.2969%,0.256000,0.187249
190,20%,20%,60%,2%,关,开,关,279.0110%,10.5108%,56.1326%,31.2969%,0.256000,0.187249
191,20%,20%,60%,3%,关,开,开,279.0110%,10.5108%,56.1326%,31.2969%,0.256000,0.187249
192,20%,20%,60%,3%,关,开,关,279.0110%,10.5108%,56.1326%,31.2969%,0.256000,0.187249
193,0%,40%,60%,1%,关,关,开,230.7712%,9.3881%,55.1848%,27.6718%,0.248900,0.170121
194,0%,40%,60%,1%,关,关,关,230.7712%,9.3881%,55.1848%,27.6718%,0.248900,0.170121
195,0%,40%,60%,2%,关,关,开,230.7712%,9.3881%,55.1848%,27.6718%,0.248900,0.170121
196,0%,40%,60%,2%,关,关,关,230.7712%,9.3881%,55.1848%,27.6718%,0.248900,0.170121
197,0%,40%,60%,3%,关,关,开,230.7712%,9.3881%,55.1848%,27.6718%,0.248900,0.170121
198,0%,40%,60%,3%,关,关,关,230.7712%,9.3881%,55.1848%,27.6718%,0.248900,0.170121
199,20%,40%,40%,1%,关,关,开,196.1120%,8.4836%,51.0388%,24.1032%,0.248200,0.166219
200,20%,40%,40%,1%,关,关,关,196.1120%,8.4836%,51.0388%,24.1032%,0.248200,0.166219
201,20%,40%,40%,2%,关,关,开,196.1120%,8.4836%,51.0388%,24.1032%,0.248200,0.166219
202,20%,40%,40%,2%,关,关,关,196.1120%,8.4836%,51.0388%,24.1032%,0.248200,0.166219
203,20%,40%,40%,3%,关,关,开,196.1120%,8.4836%,51.0388%,24.1032%,0.248200,0.166219
204,20%,40%,40%,3%,关,关,关,196.1120%,8.4836%,51.0388%,24.1032%,0.248200,0.166219
205,40%,20%,40%,1%,关,开,开,231.3487%,9.4024%,53.0209%,28.1729%,0.245000,0.177334
206,40%,20%,40%,1%,关,开,关,231.3487%,9.4024%,53.0209%,28.1729%,0.245000,0.177334
207,40%,20%,40%,2%,关,开,开,231.3487%,9.4024%,53.0209%,28.1729%,0.245000,0.177334
208,40%,20%,40%,2%,关,开,关,231.3487%,9.4024%,53.0209%,28.1729%,0.245000,0.177334
209,40%,20%,40%,3%,关,开,开,231.3487%,9.4024%,53.0209%,28.1729%,0.245000,0.177334
210,40%,20%,40%,3%,关,开,关,231.3487%,9.4024%,53.0209%,28.1729%,0.245000,0.177334
211,20%,60%,20%,1%,关,关,开,144.8760%,6.9486%,37.8950%,18.2650%,0.243600,0.183365
212,20%,60%,20%,1%,关,关,关,144.8760%,6.9486%,37.8950%,18.2650%,0.243600,0.183365
213,20%,60%,20%,2%,关,关,开,144.8760%,6.9486%,37.8950%,18.2650%,0.243600,0.183365
214,20%,60%,20%,2%,关,关,关,144.8760%,6.9486%,37.8950%,18.2650%,0.243600,0.183365
215,20%,60%,20%,3%,关,关,开,144.8760%,6.9486%,37.8950%,18.2650%,0.243600,0.183365
216,20%,60%,20%,3%,关,关,关,144.8760%,6.9486%,37.8950%,18.2650%,0.243600,0.183365
217,60%,0%,40%,3%,开,关,开,277.4973%,10.4777%,58.6226%,32.8470%,0.242900,0.178731
218,60%,0%,40%,3%,开,关,关,277.4973%,10.4777%,58.6226%,32.8470%,0.242900,0.178731
219,0%,20%,80%,1%,关,开,开,301.2991%,10.9855%,59.1090%,35.3758%,0.239900,0.185852
220,0%,20%,80%,1%,关,开,关,301.2991%,10.9855%,59.1090%,35.3758%,0.239900,0.185852
221,0%,20%,80%,2%,关,开,开,301.2991%,10.9855%,59.1090%,35.3758%,0.239900,0.185852
222,0%,20%,80%,2%,关,开,关,301.2991%,10.9855%,59.1090%,35.3758%,0.239900,0.185852
223,0%,20%,80%,3%,关,开,开,301.2991%,10.9855%,59.1090%,35.3758%,0.239900,0.185852
224,0%,20%,80%,3%,关,开,关,301.2991%,10.9855%,59.1090%,35.3758%,0.239900,0.185852
225,40%,0%,60%,2%,开,开,开,272.6065%,10.3696%,59.1344%,32.8578%,0.239500,0.175356
226,40%,0%,60%,2%,开,开,关,272.6065%,10.3696%,59.1344%,32.8578%,0.239500,0.175356
227,40%,0%,60%,1%,开,开,开,272.2788%,10.3624%,59.1416%,32.8455%,0.239400,0.175213
228,40%,0%,60%,1%,开,开,关,272.2788%,10.3624%,59.1416%,32.8455%,0.239400,0.175213
229,40%,0%,60%,3%,开,关,开,316.6071%,11.2976%,61.4525%,36.7583%,0.239300,0.183843
230,40%,0%,60%,3%,开,关,关,316.6071%,11.2976%,61.4525%,36.7583%,0.239300,0.183843
231,60%,0%,40%,2%,开,关,开,272.4782%,10.3668%,58.6794%,32.8718%,0.239300,0.176668
232,60%,0%,40%,2%,开,关,关,272.4782%,10.3668%,58.6794%,32.8718%,0.239300,0.176668
233,40%,0%,60%,3%,开,开,开,271.3467%,10.3416%,59.1578%,32.8619%,0.238600,0.174814
234,40%,0%,60%,3%,开,开,关,271.3467%,10.3416%,59.1578%,32.8619%,0.238600,0.174814
235,80%,20%,0%,1%,开,关,开,170.6636%,7.7548%,43.3786%,22.1855%,0.236900,0.178770
236,80%,20%,0%,1%,开,关,关,170.6636%,7.7548%,43.3786%,22.1855%,0.236900,0.178770
237,60%,0%,40%,1%,关,开,开,240.0290%,9.6148%,56.6548%,30.0872%,0.236500,0.169708
238,60%,0%,40%,1%,关,开,关,240.0290%,9.6148%,56.6548%,30.0872%,0.236500,0.169708
239,60%,0%,40%,2%,关,开,开,240.0290%,9.6148%,56.6548%,30.0872%,0.236500,0.169708
240,60%,0%,40%,2%,关,开,关,240.0290%,9.6148%,56.6548%,30.0872%,0.236500,0.169708
241,60%,0%,40%,3%,关,开,开,240.0290%,9.6148%,56.6548%,30.0872%,0.236500,0.169708
242,60%,0%,40%,3%,关,开,关,240.0290%,9.6148%,56.6548%,30.0872%,0.236500,0.169708
243,40%,40%,20%,1%,关,关,开,161.4831%,7.4763%,45.7566%,21.0813%,0.236100,0.163393
244,40%,40%,20%,1%,关,关,关,161.4831%,7.4763%,45.7566%,21.0813%,0.236100,0.163393
245,40%,40%,20%,2%,关,关,开,161.4831%,7.4763%,45.7566%,21.0813%,0.236100,0.163393
246,40%,40%,20%,2%,关,关,关,161.4831%,7.4763%,45.7566%,21.0813%,0.236100,0.163393
247,40%,40%,20%,3%,关,关,开,161.4831%,7.4763%,45.7566%,21.0813%,0.236100,0.163393
248,40%,40%,20%,3%,关,关,关,161.4831%,7.4763%,45.7566%,21.0813%,0.236100,0.163393
249,40%,0%,60%,2%,开,关,开,309.6894%,11.1579%,61.5070%,36.7565%,0.235500,0.181409
250,40%,0%,60%,2%,开,关,关,309.6894%,11.1579%,61.5070%,36.7565%,0.235500,0.181409
251,60%,0%,40%,1%,开,关,开,266.6025%,10.2352%,58.7232%,32.8676%,0.235300,0.174296
252,60%,0%,40%,1%,开,关,关,266.6025%,10.2352%,58.7232%,32.8676%,0.235300,0.174296
253,20%,20%,60%,1%,关,关,开,247.3480%,9.7900%,59.3511%,31.0501%,0.234800,0.164951
254,20%,20%,60%,1%,关,关,关,247.3480%,9.7900%,59.3511%,31.0501%,0.234800,0.164951
255,20%,20%,60%,2%,关,关,开,247.3480%,9.7900%,59.3511%,31.0501%,0.234800,0.164951
256,20%,20%,60%,2%,关,关,关,247.3480%,9.7900%,59.3511%,31.0501%,0.234800,0.164951
257,20%,20%,60%,3%,关,关,开,247.3480%,9.7900%,59.3511%,31.0501%,0.234800,0.164951
258,20%,20%,60%,3%,关,关,关,247.3480%,9.7900%,59.3511%,31.0501%,0.234800,0.164951
259,80%,20%,0%,3%,开,关,开,169.1189%,7.7086%,43.1137%,22.2085%,0.234500,0.178797
260,80%,20%,0%,3%,开,关,关,169.1189%,7.7086%,43.1137%,22.2085%,0.234500,0.178797
261,60%,0%,40%,1%,开,开,开,236.5961%,9.5314%,56.4217%,30.0239%,0.234200,0.168931
262,60%,0%,40%,1%,开,开,关,236.5961%,9.5314%,56.4217%,30.0239%,0.234200,0.168931
263,80%,20%,0%,2%,开,关,开,168.7239%,7.6967%,43.0948%,22.2018%,0.234100,0.178599
264,80%,20%,0%,2%,开,关,关,168.7239%,7.6967%,43.0948%,22.2018%,0.234100,0.178599
265,20%,80%,0%,1%,关,开,开,117.9100%,6.0167%,24.3107%,15.0548%,0.233600,0.247492
266,20%,80%,0%,1%,关,开,关,117.9100%,6.0167%,24.3107%,15.0548%,0.233600,0.247492
267,20%,80%,0%,2%,关,开,开,117.9100%,6.0167%,24.3107%,15.0548%,0.233600,0.247492
268,20%,80%,0%,2%,关,开,关,117.9100%,6.0167%,24.3107%,15.0548%,0.233600,0.247492
269,20%,80%,0%,3%,关,开,开,117.9100%,6.0167%,24.3107%,15.0548%,0.233600,0.247492
270,20%,80%,0%,3%,关,开,关,117.9100%,6.0167%,24.3107%,15.0548%,0.233600,0.247492
271,40%,0%,60%,1%,开,关,开,305.6694%,11.0757%,61.5488%,36.7596%,0.233300,0.179950
272,40%,0%,60%,1%,开,关,关,305.6694%,11.0757%,61.5488%,36.7596%,0.233300,0.179950
273,40%,20%,40%,1%,关,关,开,212.7192%,8.9285%,56.0561%,27.5723%,0.233200,0.159278
274,40%,20%,40%,1%,关,关,关,212.7192%,8.9285%,56.0561%,27.5723%,0.233200,0.159278
275,40%,20%,40%,2%,关,关,开,212.7192%,8.9285%,56.0561%,27.5723%,0.233200,0.159278
276,40%,20%,40%,2%,关,关,关,212.7192%,8.9285%,56.0561%,27.5723%,0.233200,0.159278
277,40%,20%,40%,3%,关,关,开,212.7192%,8.9285%,56.0561%,27.5723%,0.233200,0.159278
278,40%,20%,40%,3%,关,关,关,212.7192%,8.9285%,56.0561%,27.5723%,0.233200,0.159278
279,20%,0%,80%,3%,开,开,开,304.9454%,11.0608%,61.9900%,36.7768%,0.232800,0.178429
280,20%,0%,80%,3%,开,开,关,304.9454%,11.0608%,61.9900%,36.7768%,0.232800,0.178429
281,20%,0%,80%,2%,开,开,开,304.5250%,11.0522%,61.9884%,36.7740%,0.232600,0.178295
282,20%,0%,80%,2%,开,开,关,304.5250%,11.0522%,61.9884%,36.7740%,0.232600,0.178295
283,20%,0%,80%,1%,开,开,开,304.1023%,11.0435%,61.9872%,36.7701%,0.232300,0.178158
284,20%,0%,80%,1%,开,开,关,304.1023%,11.0435%,61.9872%,36.7701%,0.232300,0.178158
285,60%,0%,40%,2%,开,开,开,234.0161%,9.4682%,56.5439%,30.0335%,0.232000,0.167449
286,60%,0%,40%,2%,开,开,关,234.0161%,9.4682%,56.5439%,30.0335%,0.232000,0.167449
287,60%,0%,40%,3%,开,开,开,232.9810%,9.4427%,56.5459%,30.0389%,0.231100,0.166992
288,60%,0%,40%,3%,开,开,关,232.9810%,9.4427%,56.5459%,30.0389%,0.231100,0.166992
289,0%,20%,80%,1%,关,关,开,281.9826%,10.5756%,62.0546%,35.2562%,0.229100,0.170424
290,0%,20%,80%,1%,关,关,关,281.9826%,10.5756%,62.0546%,35.2562%,0.229100,0.170424
291,0%,20%,80%,2%,关,关,开,281.9826%,10.5756%,62.0546%,35.2562%,0.229100,0.170424
292,0%,20%,80%,2%,关,关,关,281.9826%,10.5756%,62.0546%,35.2562%,0.229100,0.170424
293,0%,20%,80%,3%,关,关,开,281.9826%,10.5756%,62.0546%,35.2562%,0.229100,0.170424
294,0%,20%,80%,3%,关,关,关,281.9826%,10.5756%,62.0546%,35.2562%,0.229100,0.170424
295,0%,80%,20%,1%,关,关,开,128.2992%,6.3877%,29.3939%,17.0160%,0.228500,0.217314
296,0%,80%,20%,1%,关,关,关,128.2992%,6.3877%,29.3939%,17.0160%,0.228500,0.217314
297,0%,80%,20%,2%,关,关,开,128.2992%,6.3877%,29.3939%,17.0160%,0.228500,0.217314
298,0%,80%,20%,2%,关,关,关,128.2992%,6.3877%,29.3939%,17.0160%,0.228500,0.217314
299,0%,80%,20%,3%,关,关,开,128.2992%,6.3877%,29.3939%,17.0160%,0.228500,0.217314
300,0%,80%,20%,3%,关,关,关,128.2992%,6.3877%,29.3939%,17.0160%,0.228500,0.217314
301,20%,0%,80%,1%,关,开,开,292.0783%,10.7922%,62.2463%,36.5648%,0.226800,0.173379
302,20%,0%,80%,1%,关,开,关,292.0783%,10.7922%,62.2463%,36.5648%,0.226800,0.173379
303,20%,0%,80%,2%,关,开,开,292.0783%,10.7922%,62.2463%,36.5648%,0.226800,0.173379
304,20%,0%,80%,2%,关,开,关,292.0783%,10.7922%,62.2463%,36.5648%,0.226800,0.173379
305,20%,0%,80%,3%,关,开,开,292.0783%,10.7922%,62.2463%,36.5648%,0.226800,0.173379
306,20%,0%,80%,3%,关,开,关,292.0783%,10.7922%,62.2463%,36.5648%,0.226800,0.173379
307,60%,40%,0%,3%,开,开,开,152.6950%,7.2010%,39.9361%,20.8274%,0.225700,0.180313
308,60%,40%,0%,3%,开,开,关,152.6950%,7.2010%,39.9361%,20.8274%,0.225700,0.180313
309,60%,20%,20%,3%,开,开,开,189.4870%,8.2996%,49.6384%,25.7063%,0.225600,0.167201
310,60%,20%,20%,3%,开,开,关,189.4870%,8.2996%,49.6384%,25.7063%,0.225600,0.167201
311,20%,0%,80%,3%,开,关,开,341.4920%,11.7830%,66.1422%,41.1597%,0.225500,0.178146
312,20%,0%,80%,3%,开,关,关,341.4920%,11.7830%,66.1422%,41.1597%,0.225500,0.178146
313,60%,20%,20%,2%,开,开,开,188.3916%,8.2688%,49.5754%,25.6900%,0.224600,0.166792
314,60%,20%,20%,2%,开,开,关,188.3916%,8.2688%,49.5754%,25.6900%,0.224600,0.166792
315,80%,0%,20%,2%,开,关,开,221.4840%,9.1546%,55.8172%,29.6571%,0.224400,0.164010
316,80%,0%,20%,2%,开,关,关,221.4840%,9.1546%,55.8172%,29.6571%,0.224400,0.164010
317,60%,20%,20%,1%,开,开,开,187.3461%,8.2393%,49.4798%,25.6941%,0.223400,0.166518
318,60%,20%,20%,1%,开,开,关,187.3461%,8.2393%,49.4798%,25.6941%,0.223400,0.166518
319,20%,0%,80%,2%,开,关,开,336.3006%,11.6839%,66.2042%,41.1428%,0.223200,0.176483
320,20%,0%,80%,2%,开,关,关,336.3006%,11.6839%,66.2042%,41.1428%,0.223200,0.176483
321,20%,80%,0%,1%,开,关,开,114.4316%,5.8888%,25.2468%,15.2103%,0.222800,0.233249
322,20%,80%,0%,1%,开,关,关,114.4316%,5.8888%,25.2468%,15.2103%,0.222800,0.233249
323,60%,40%,0%,2%,开,开,开,150.6564%,7.1359%,39.9304%,20.8325%,0.222500,0.178708
324,60%,40%,0%,2%,开,开,关,150.6564%,7.1359%,39.9304%,20.8325%,0.222500,0.178708
325,80%,0%,20%,1%,开,关,开,218.0998%,9.0680%,55.8478%,29.6601%,0.221400,0.162370
326,80%,0%,20%,1%,开,关,关,218.0998%,9.0680%,55.8478%,29.6601%,0.221400,0.162370
327,20%,80%,0%,2%,开,关,开,113.7547%,5.8637%,25.0098%,15.2038%,0.221200,0.234456
328,20%,80%,0%,2%,开,关,关,113.7547%,5.8637%,25.0098%,15.2038%,0.221200,0.234456
329,60%,40%,0%,1%,关,开,开,148.3898%,7.0629%,39.6298%,20.6294%,0.221200,0.178222
330,60%,40%,0%,1%,关,开,关,148.3898%,7.0629%,39.6298%,20.6294%,0.221200,0.178222
331,60%,40%,0%,2%,关,开,开,148.3898%,7.0629%,39.6298%,20.6294%,0.221200,0.178222
332,60%,40%,0%,2%,关,开,关,148.3898%,7.0629%,39.6298%,20.6294%,0.221200,0.178222
333,60%,40%,0%,3%,关,开,开,148.3898%,7.0629%,39.6298%,20.6294%,0.221200,0.178222
334,60%,40%,0%,3%,关,开,关,148.3898%,7.0629%,39.6298%,20.6294%,0.221200,0.178222
335,20%,0%,80%,1%,开,关,开,331.6178%,11.5935%,66.2040%,41.1437%,0.221000,0.175118
336,20%,0%,80%,1%,开,关,关,331.6178%,11.5935%,66.2040%,41.1437%,0.221000,0.175118
337,60%,20%,20%,1%,关,关,开,178.0600%,7.9729%,51.9467%,24.7826%,0.220800,0.153482
338,60%,20%,20%,1%,关,关,关,178.0600%,7.9729%,51.9467%,24.7826%,0.220800,0.153482
339,60%,20%,20%,2%,关,关,开,178.0600%,7.9729%,51.9467%,24.7826%,0.220800,0.153482
340,60%,20%,20%,2%,关,关,关,178.0600%,7.9729%,51.9467%,24.7826%,0.220800,0.153482
341,60%,20%,20%,3%,关,关,开,178.0600%,7.9729%,51.9467%,24.7826%,0.220800,0.153482
342,60%,20%,20%,3%,关,关,关,178.0600%,7.9729%,51.9467%,24.7826%,0.220800,0.153482
343,60%,20%,20%,1%,关,开,开,185.1265%,8.1764%,49.6383%,25.7441%,0.220500,0.164720
344,60%,20%,20%,1%,关,开,关,185.1265%,8.1764%,49.6383%,25.7441%,0.220500,0.164720
345,60%,20%,20%,2%,关,开,开,185.1265%,8.1764%,49.6383%,25.7441%,0.220500,0.164720
346,60%,20%,20%,2%,关,开,关,185.1265%,8.1764%,49.6383%,25.7441%,0.220500,0.164720
347,60%,20%,20%,3%,关,开,开,185.1265%,8.1764%,49.6383%,25.7441%,0.220500,0.164720
348,60%,20%,20%,3%,关,开,关,185.1265%,8.1764%,49.6383%,25.7441%,0.220500,0.164720
349,60%,40%,0%,1%,开,开,开,148.8921%,7.0791%,39.9311%,20.8360%,0.219800,0.177283
350,60%,40%,0%,1%,开,开,关,148.8921%,7.0791%,39.9311%,20.8360%,0.219800,0.177283
351,80%,0%,20%,3%,开,关,开,215.8713%,9.0105%,55.9240%,29.6643%,0.219500,0.161120
352,80%,0%,20%,3%,开,关,关,215.8713%,9.0105%,55.9240%,29.6643%,0.219500,0.161120
353,40%,0%,60%,1%,关,关,开,263.9552%,10.1753%,62.8666%,35.2205%,0.217900,0.161855
354,40%,0%,60%,1%,关,关,关,263.9552%,10.1753%,62.8666%,35.2205%,0.217900,0.161855
355,40%,0%,60%,2%,关,关,开,263.9552%,10.1753%,62.8666%,35.2205%,0.217900,0.161855
356,40%,0%,60%,2%,关,关,关,263.9552%,10.1753%,62.8666%,35.2205%,0.217900,0.161855
357,40%,0%,60%,3%,关,关,开,263.9552%,10.1753%,62.8666%,35.2205%,0.217900,0.161855
358,40%,0%,60%,3%,关,关,关,263.9552%,10.1753%,62.8666%,35.2205%,0.217900,0.161855
359,60%,0%,40%,1%,关,关,开,229.2960%,9.3514%,60.2050%,31.6846%,0.216200,0.155326
360,60%,0%,40%,1%,关,关,关,229.2960%,9.3514%,60.2050%,31.6846%,0.216200,0.155326
361,60%,0%,40%,2%,关,关,开,229.2960%,9.3514%,60.2050%,31.6846%,0.216200,0.155326
362,60%,0%,40%,2%,关,关,关,229.2960%,9.3514%,60.2050%,31.6846%,0.216200,0.155326
363,60%,0%,40%,3%,关,关,开,229.2960%,9.3514%,60.2050%,31.6846%,0.216200,0.155326
364,60%,0%,40%,3%,关,关,关,229.2960%,9.3514%,60.2050%,31.6846%,0.216200,0.155326
365,40%,0%,60%,1%,关,开,开,239.2297%,9.5954%,59.4065%,32.9658%,0.215200,0.161521
366,40%,0%,60%,1%,关,开,关,239.2297%,9.5954%,59.4065%,32.9658%,0.215200,0.161521
367,40%,0%,60%,2%,关,开,开,239.2297%,9.5954%,59.4065%,32.9658%,0.215200,0.161521
368,40%,0%,60%,2%,关,开,关,239.2297%,9.5954%,59.4065%,32.9658%,0.215200,0.161521
369,40%,0%,60%,3%,关,开,开,239.2297%,9.5954%,59.4065%,32.9658%,0.215200,0.161521
370,40%,0%,60%,3%,关,开,关,239.2297%,9.5954%,59.4065%,32.9658%,0.215200,0.161521
371,20%,0%,80%,1%,关,关,开,298.5594%,10.9285%,65.0808%,39.7796%,0.211900,0.167922
372,20%,0%,80%,1%,关,关,关,298.5594%,10.9285%,65.0808%,39.7796%,0.211900,0.167922
373,20%,0%,80%,2%,关,关,开,298.5594%,10.9285%,65.0808%,39.7796%,0.211900,0.167922
374,20%,0%,80%,2%,关,关,关,298.5594%,10.9285%,65.0808%,39.7796%,0.211900,0.167922
375,20%,0%,80%,3%,关,关,开,298.5594%,10.9285%,65.0808%,39.7796%,0.211900,0.167922
376,20%,0%,80%,3%,关,关,关,298.5594%,10.9285%,65.0808%,39.7796%,0.211900,0.167922
377,20%,80%,0%,3%,开,关,开,108.8290%,5.6787%,25.1161%,15.1431%,0.209900,0.226098
378,20%,80%,0%,3%,开,关,关,108.8290%,5.6787%,25.1161%,15.1431%,0.209900,0.226098
379,0%,0%,100%,1%,开,开,开,300.9475%,10.9782%,66.9347%,41.0754%,0.206400,0.164014
380,0%,0%,100%,1%,开,开,关,300.9475%,10.9782%,66.9347%,41.0754%,0.206400,0.164014
381,0%,0%,100%,2%,开,开,开,300.9475%,10.9782%,66.9347%,41.0754%,0.206400,0.164014
382,0%,0%,100%,2%,开,开,关,300.9475%,10.9782%,66.9347%,41.0754%,0.206400,0.164014
383,0%,0%,100%,3%,开,开,开,300.9475%,10.9782%,66.9347%,41.0754%,0.206400,0.164014
384,0%,0%,100%,3%,开,开,关,300.9475%,10.9782%,66.9347%,41.0754%,0.206400,0.164014
385,80%,0%,20%,1%,关,关,开,194.6671%,8.4438%,56.9542%,29.0290%,0.204800,0.148256
386,80%,0%,20%,1%,关,关,关,194.6671%,8.4438%,56.9542%,29.0290%,0.204800,0.148256
387,80%,0%,20%,2%,关,关,开,194.6671%,8.4438%,56.9542%,29.0290%,0.204800,0.148256
388,80%,0%,20%,2%,关,关,关,194.6671%,8.4438%,56.9542%,29.0290%,0.204800,0.148256
389,80%,0%,20%,3%,关,关,开,194.6671%,8.4438%,56.9542%,29.0290%,0.204800,0.148256
390,80%,0%,20%,3%,关,关,关,194.6671%,8.4438%,56.9542%,29.0290%,0.204800,0.148256
391,0%,0%,100%,1%,关,开,开,298.2998%,10.9231%,67.1733%,41.1427%,0.204700,0.162611
392,0%,0%,100%,1%,关,开,关,298.2998%,10.9231%,67.1733%,41.1427%,0.204700,0.162611
393,0%,0%,100%,2%,关,开,开,298.2998%,10.9231%,67.1733%,41.1427%,0.204700,0.162611
394,0%,0%,100%,2%,关,开,关,298.2998%,10.9231%,67.1733%,41.1427%,0.204700,0.162611
395,0%,0%,100%,3%,关,开,开,298.2998%,10.9231%,67.1733%,41.1427%,0.204700,0.162611
396,0%,0%,100%,3%,关,开,关,298.2998%,10.9231%,67.1733%,41.1427%,0.204700,0.162611
397,60%,40%,0%,1%,关,关,开,126.8486%,6.3369%,38.8964%,19.0073%,0.201900,0.162917
398,60%,40%,0%,1%,关,关,关,126.8486%,6.3369%,38.8964%,19.0073%,0.201900,0.162917
399,60%,40%,0%,2%,关,关,开,126.8486%,6.3369%,38.8964%,19.0073%,0.201900,0.162917
400,60%,40%,0%,2%,关,关,关,126.8486%,6.3369%,38.8964%,19.0073%,0.201900,0.162917
401,60%,40%,0%,3%,关,关,开,126.8486%,6.3369%,38.8964%,19.0073%,0.201900,0.162917
402,60%,40%,0%,3%,关,关,关,126.8486%,6.3369%,38.8964%,19.0073%,0.201900,0.162917
403,40%,60%,0%,1%,关,关,开,110.2718%,5.7333%,29.8313%,16.0942%,0.200900,0.192191
404,40%,60%,0%,1%,关,关,关,110.2718%,5.7333%,29.8313%,16.0942%,0.200900,0.192191
405,40%,60%,0%,2%,关,关,开,110.2718%,5.7333%,29.8313%,16.0942%,0.200900,0.192191
406,40%,60%,0%,2%,关,关,关,110.2718%,5.7333%,29.8313%,16.0942%,0.200900,0.192191
407,40%,60%,0%,3%,关,关,开,110.2718%,5.7333%,29.8313%,16.0942%,0.200900,0.192191
408,40%,60%,0%,3%,关,关,关,110.2718%,5.7333%,29.8313%,16.0942%,0.200900,0.192191
409,0%,0%,100%,1%,开,关,开,333.2186%,11.6245%,72.4426%,45.8970%,0.198800,0.160465
410,0%,0%,100%,1%,关,关,开,333.2186%,11.6245%,72.4426%,45.8970%,0.198800,0.160465
411,0%,0%,100%,1%,开,关,关,333.2186%,11.6245%,72.4426%,45.8970%,0.198800,0.160465
412,0%,0%,100%,1%,关,关,关,333.2186%,11.6245%,72.4426%,45.8970%,0.198800,0.160465
413,0%,0%,100%,2%,开,关,开,333.2186%,11.6245%,72.4426%,45.8970%,0.198800,0.160465
414,0%,0%,100%,2%,关,关,开,333.2186%,11.6245%,72.4426%,45.8970%,0.198800,0.160465
415,0%,0%,100%,2%,开,关,关,333.2186%,11.6245%,72.4426%,45.8970%,0.198800,0.160465
416,0%,0%,100%,2%,关,关,关,333.2186%,11.6245%,72.4426%,45.8970%,0.198800,0.160465
417,0%,0%,100%,3%,开,关,开,333.2186%,11.6245%,72.4426%,45.8970%,0.198800,0.160465
418,0%,0%,100%,3%,关,关,开,333.2186%,11.6245%,72.4426%,45.8970%,0.198800,0.160465
419,0%,0%,100%,3%,开,关,关,333.2186%,11.6245%,72.4426%,45.8970%,0.198800,0.160465
420,0%,0%,100%,3%,关,关,关,333.2186%,11.6245%,72.4426%,45.8970%,0.198800,0.160465
421,80%,20%,0%,3%,开,开,开,163.8210%,7.5480%,49.3709%,25.7375%,0.196100,0.152884
422,80%,20%,0%,3%,开,开,关,163.8210%,7.5480%,49.3709%,25.7375%,0.196100,0.152884
423,80%,20%,0%,1%,关,开,开,163.2995%,7.5321%,49.3832%,25.7593%,0.195400,0.152524
424,80%,20%,0%,1%,关,开,关,163.2995%,7.5321%,49.3832%,25.7593%,0.195400,0.152524
425,80%,20%,0%,2%,关,开,开,163.2995%,7.5321%,49.3832%,25.7593%,0.195400,0.152524
426,80%,20%,0%,2%,关,开,关,163.2995%,7.5321%,49.3832%,25.7593%,0.195400,0.152524
427,80%,20%,0%,3%,关,开,开,163.2995%,7.5321%,49.3832%,25.7593%,0.195400,0.152524
428,80%,20%,0%,3%,关,开,关,163.2995%,7.5321%,49.3832%,25.7593%,0.195400,0.152524
429,80%,20%,0%,2%,开,开,开,162.8019%,7.5168%,49.2879%,25.7292%,0.195000,0.152508
430,80%,20%,0%,2%,开,开,关,162.8019%,7.5168%,49.2879%,25.7292%,0.195000,0.152508
431,80%,20%,0%,1%,开,开,开,162.5990%,7.5106%,49.2837%,25.7286%,0.194700,0.152395
432,80%,20%,0%,1%,开,开,关,162.5990%,7.5106%,49.2837%,25.7286%,0.194700,0.152395
433,80%,0%,20%,1%,关,开,开,176.3994%,7.9244%,53.6428%,27.9086%,0.194400,0.147725
434,80%,0%,20%,1%,关,开,关,176.3994%,7.9244%,53.6428%,27.9086%,0.194400,0.147725
435,80%,0%,20%,2%,关,开,开,176.3994%,7.9244%,53.6428%,27.9086%,0.194400,0.147725
436,80%,0%,20%,2%,关,开,关,176.3994%,7.9244%,53.6428%,27.9086%,0.194400,0.147725
437,80%,0%,20%,3%,关,开,开,176.3994%,7.9244%,53.6428%,27.9086%,0.194400,0.147725
438,80%,0%,20%,3%,关,开,关,176.3994%,7.9244%,53.6428%,27.9086%,0.194400,0.147725
439,80%,0%,20%,2%,开,开,开,175.7743%,7.9061%,53.6137%,27.8633%,0.194000,0.147464
440,80%,0%,20%,2%,开,开,关,175.7743%,7.9061%,53.6137%,27.8633%,0.194000,0.147464
441,80%,0%,20%,3%,开,开,开,175.6330%,7.9020%,53.6279%,27.8640%,0.193900,0.147349
442,80%,0%,20%,3%,开,开,关,175.6330%,7.9020%,53.6279%,27.8640%,0.193900,0.147349
443,80%,0%,20%,1%,开,开,开,175.4424%,7.8964%,53.6248%,27.8650%,0.193700,0.147253
444,80%,0%,20%,1%,开,开,关,175.4424%,7.8964%,53.6248%,27.8650%,0.193700,0.147253
445,80%,20%,0%,1%,关,关,开,143.4558%,6.9019%,46.7876%,22.9573%,0.191700,0.147516
446,80%,20%,0%,1%,关,关,关,143.4558%,6.9019%,46.7876%,22.9573%,0.191700,0.147516
447,80%,20%,0%,2%,关,关,开,143.4558%,6.9019%,46.7876%,22.9573%,0.191700,0.147516
448,80%,20%,0%,2%,关,关,关,143.4558%,6.9019%,46.7876%,22.9573%,0.191700,0.147516
449,80%,20%,0%,3%,关,关,开,143.4558%,6.9019%,46.7876%,22.9573%,0.191700,0.147516
450,80%,20%,0%,3%,关,关,关,143.4558%,6.9019%,46.7876%,22.9573%,0.191700,0.147516
451,0%,100%,0%,1%,关,开,开,103.9018%,5.4896%,29.3801%,16.5227%,0.180900,0.186848
452,0%,100%,0%,1%,关,开,关,103.9018%,5.4896%,29.3801%,16.5227%,0.180900,0.186848
453,0%,100%,0%,2%,关,开,开,103.9018%,5.4896%,29.3801%,16.5227%,0.180900,0.186848
454,0%,100%,0%,2%,关,开,关,103.9018%,5.4896%,29.3801%,16.5227%,0.180900,0.186848
455,0%,100%,0%,3%,关,开,开,103.9018%,5.4896%,29.3801%,16.5227%,0.180900,0.186848
456,0%,100%,0%,3%,关,开,关,103.9018%,5.4896%,29.3801%,16.5227%,0.180900,0.186848
457,100%,0%,0%,1%,开,开,开,160.0326%,7.4314%,52.9723%,27.3948%,0.180000,0.140288
458,100%,0%,0%,1%,关,开,开,160.0326%,7.4314%,52.9723%,27.3948%,0.180000,0.140288
459,100%,0%,0%,1%,开,开,关,160.0326%,7.4314%,52.9723%,27.3948%,0.180000,0.140288
460,100%,0%,0%,1%,关,开,关,160.0326%,7.4314%,52.9723%,27.3948%,0.180000,0.140288
461,100%,0%,0%,1%,开,关,开,160.0326%,7.4314%,52.9723%,27.3948%,0.180000,0.140288
462,100%,0%,0%,1%,关,关,开,160.0326%,7.4314%,52.9723%,27.3948%,0.180000,0.140288
463,100%,0%,0%,1%,开,关,关,160.0326%,7.4314%,52.9723%,27.3948%,0.180000,0.140288
464,100%,0%,0%,1%,关,关,关,160.0326%,7.4314%,52.9723%,27.3948%,0.180000,0.140288
465,100%,0%,0%,2%,开,开,开,160.0326%,7.4314%,52.9723%,27.3948%,0.180000,0.140288
466,100%,0%,0%,2%,关,开,开,160.0326%,7.4314%,52.9723%,27.3948%,0.180000,0.140288
467,100%,0%,0%,2%,开,开,关,160.0326%,7.4314%,52.9723%,27.3948%,0.180000,0.140288
468,100%,0%,0%,2%,关,开,关,160.0326%,7.4314%,52.9723%,27.3948%,0.180000,0.140288
469,100%,0%,0%,2%,开,关,开,160.0326%,7.4314%,52.9723%,27.3948%,0.180000,0.140288
470,100%,0%,0%,2%,关,关,开,160.0326%,7.4314%,52.9723%,27.3948%,0.180000,0.140288
471,100%,0%,0%,2%,开,关,关,160.0326%,7.4314%,52.9723%,27.3948%,0.180000,0.140288
472,100%,0%,0%,2%,关,关,关,160.0326%,7.4314%,52.9723%,27.3948%,0.180000,0.140288
473,100%,0%,0%,3%,开,开,开,160.0326%,7.4314%,52.9723%,27.3948%,0.180000,0.140288
474,100%,0%,0%,3%,关,开,开,160.0326%,7.4314%,52.9723%,27.3948%,0.180000,0.140288
475,100%,0%,0%,3%,开,开,关,160.0326%,7.4314%,52.9723%,27.3948%,0.180000,0.140288
476,100%,0%,0%,3%,关,开,关,160.0326%,7.4314%,52.9723%,27.3948%,0.180000,0.140288
477,100%,0%,0%,3%,开,关,开,160.0326%,7.4314%,52.9723%,27.3948%,0.180000,0.140288
478,100%,0%,0%,3%,关,关,开,160.0326%,7.4314%,52.9723%,27.3948%,0.180000,0.140288
479,100%,0%,0%,3%,开,关,关,160.0326%,7.4314%,52.9723%,27.3948%,0.180000,0.140288
480,100%,0%,0%,3%,关,关,关,160.0326%,7.4314%,52.9723%,27.3948%,0.180000,0.140288
481,0%,100%,0%,1%,开,开,开,102.5273%,5.4361%,29.3806%,16.4764%,0.178200,0.185023
482,0%,100%,0%,1%,开,开,关,102.5273%,5.4361%,29.3806%,16.4764%,0.178200,0.185023
483,0%,100%,0%,2%,开,开,开,102.5273%,5.4361%,29.3806%,16.4764%,0.178200,0.185023
484,0%,100%,0%,2%,开,开,关,102.5273%,5.4361%,29.3806%,16.4764%,0.178200,0.185023
485,0%,100%,0%,3%,开,开,开,102.5273%,5.4361%,29.3806%,16.4764%,0.178200,0.185023
486,0%,100%,0%,3%,开,开,关,102.5273%,5.4361%,29.3806%,16.4764%,0.178200,0.185023
487,20%,80%,0%,1%,关,关,开,93.6646%,5.0828%,26.7629%,15.3020%,0.168800,0.189920
488,20%,80%,0%,1%,关,关,关,93.6646%,5.0828%,26.7629%,15.3020%,0.168800,0.189920
489,20%,80%,0%,2%,关,关,开,93.6646%,5.0828%,26.7629%,15.3020%,0.168800,0.189920
490,20%,80%,0%,2%,关,关,关,93.6646%,5.0828%,26.7629%,15.3020%,0.168800,0.189920
491,20%,80%,0%,3%,关,关,开,93.6646%,5.0828%,26.7629%,15.3020%,0.168800,0.189920
492,20%,80%,0%,3%,关,关,关,93.6646%,5.0828%,26.7629%,15.3020%,0.168800,0.189920
493,0%,100%,0%,1%,开,关,开,77.0878%,4.3799%,30.9148%,17.7498%,0.105900,0.141676
494,0%,100%,0%,1%,关,关,开,77.0878%,4.3799%,30.9148%,17.7498%,0.105900,0.141676
495,0%,100%,0%,1%,开,关,关,77.0878%,4.3799%,30.9148%,17.7498%,0.105900,0.141676
496,0%,100%,0%,1%,关,关,关,77.0878%,4.3799%,30.9148%,17.7498%,0.105900,0.141676
497,0%,100%,0%,2%,开,关,开,77.0878%,4.3799%,30.9148%,17.7498%,0.105900,0.141676
498,0%,100%,0%,2%,关,关,开,77.0878%,4.3799%,30.9148%,17.7498%,0.105900,0.141676
499,0%,100%,0%,2%,开,关,关,77.0878%,4.3799%,30.9148%,17.7498%,0.105900,0.141676
500,0%,100%,0%,2%,关,关,关,77.0878%,4.3799%,30.9148%,17.7498%,0.105900,0.141676
501,0%,100%,0%,3%,开,关,开,77.0878%,4.3799%,30.9148%,17.7498%,0.105900,0.141676
502,0%,100%,0%,3%,关,关,开,77.0878%,4.3799%,30.9148%,17.7498%,0.105900,0.141676
503,0%,100%,0%,3%,开,关,关,77.0878%,4.3799%,30.9148%,17.7498%,0.105900,0.141676
504,0%,100%,0%,3%,关,关,关,77.0878%,4.3799%,30.9148%,17.7498%,0.105900,0.141676
